{"cameraMode":{"drawMode":0,"name":"Shaded","section":"Shading Mode"},"sceneLighting":true,"audioPlay":false,"sceneViewState":{"m_AlwaysRefresh":false,"showFog":true,"showSkybox":false,"showFlares":true,"showImageEffects":true,"showParticleSystems":true,"showVisualEffectGraphs":true,"m_FxEnabled":true},"in2DMode":false,"pivot":{"x":24.857423782348634,"y":-7.455886363983154,"z":-0.33066290616989138},"rotation":{"x":0.22741855680942536,"y":-0.28259119391441347,"z":0.06915714591741562,"w":0.9293177127838135},"size":99.07418060302735,"orthographic":false}